title,detected_language,language_full_name
Program Manager-SRHR,id,Indonesian
Field Manager,de,German
General Interest,de,German
Gestor De Campo - Auditoria Interna,es,Spanish
Development & Outreach Department Intern,nl,Dutch
Development & Outreach Department Intern,nl,Dutch
Epidemiologists,et,Estonian
Legal Advisors,sl,Slovenian
Nurses,fr,French
Psychologists,pl,Polish
Surgeons,af,Afrikaans
VAC-62700 DA Field Assistant,de,German
Spécialiste En Sauvegarde Sociales (Social Safeguards Specialist),ca,Catalan
Consultor (a) Individual - Elaboração De Análises Com Vistas Determinação ...,pt,Portuguese
Special Project Facilitator,ro,Romanian
Recrutement D'un (E) Chef (Fe) Comptable De L'Unité De Coordination Du Pro...,fr,French
Climate Officer,ro,Romanian
Senior Legal Counsel,ca,Catalan
Entrepreneur Experience - Analyst,fr,French
Assistant (E) Technique Au Volet Entrepreneuriat,fr,French
Consultant Individuel Pour L'audit De La Performance Des Activites De Pass...,fr,French
Consultor Em Comunicação E Imagem Institucional,pt,Portuguese
"Associate, Evaluation",it,Italian
Oficial Social Júnior,es,Spanish
Un (E) Stagiaire Développement,fr,French
Junior Procurement Expert,ca,Catalan
Spécialiste De La Gestion Financière (SGF) Du Projet / Financial Managemen...,fr,French
Admin Coordinator,af,Afrikaans
Community Liaison Assistant - Optimisation Agronomy,fr,French
Recruitment Mobile Implementation Officer,fr,French
"Litigation Paralegal, Gulf Regional",it,Italian
Financial Management Specialist,it,Italian
Portfolio Manager,pt,Portuguese
"Reporter/Editor, Editorial Team",ro,Romanian
"Fundraising Manager, Kvinna Till Kvinna",sv,Swedish
"Responsable De Recherche Pour La République Centrafricaine, Basé.e À Bangui",fr,French
Program Analyst,lt,Lithuanian
Executive,ro,Romanian
Global HR Partner,ca,Catalan
Líder Brasil De Combustíveis - Descarbonização De Transportes,pt,Portuguese
Donor Development Manager,nl,Dutch
Programme Development Coordinator,nl,Dutch
Recrutement D'un (01) Spécialiste En Passation Des Marchés Et D'un (01) Co...,fr,French
Legal Director,es,Spanish
Termes De Référence Pour Des Services De Consultance En Vue D'appuyer La F...,fr,French
Data Visualization Specialist,it,Italian
GEDSI Specialist (Consultant),ro,Romanian
Business & Projet Development Manager,no,Norwegian
Coordinador/A Nacional Y Especialista Social Del Proyecto Enable,es,Spanish
Procurement Specialist,ro,Romanian
Consultoria Individual Especializada Em Sistematização De Diretrizes Técni...,pt,Portuguese
Recrutement D'un Consultant Chargé De L'évaluation Des Options De Particip...,fr,French
Especialista Social De La Unidad De Implementación Del Proyecto,es,Spanish
Scientist - Regional Climate Modelling,it,Italian
Contrôleur De Gestion Junior,fr,French
"Team Leader, Venezuela Scoping Mission",de,German
Financial Controller,it,Italian
Project Manager,hr,Croatian
Mobile Data Assistant,it,Italian
Formatrice/Tore E Focal Point Scuole,ro,Romanian
"Manager, Fundraising",de,German
Finance Data Analyst - 120,tl,Tagalog
Medisch Secretariaat Antwerpen,nl,Dutch
Referentieverpleegkundige in De Diabeteszorg Antwerpen,nl,Dutch
Accueillant E Medibus Charleroi Et Ou La Louviere F H X,fr,French
Project Management Consultant,fr,French
Accueillant E Bruxelles,ca,Catalan
Psicologa E Operatrice Di Accoglienza Spazio Donna Napoli,it,Italian
Project Manager,hr,Croatian
Program Manager,id,Indonesian
Contrôleur·euse De Gestion Junior (80-100%),fr,French
Sales Associate,ca,Catalan
Monitoring & Due Diligence Senior Coordinator,it,Italian
Executive Coordinator,ro,Romanian
Project Manager,hr,Croatian
Board Members,nl,Dutch
Media Officer,it,Italian
Operations Manager Atlas Logistique,fr,French
Senior Development Manager,nl,Dutch
Talent Acquisition Officer,fr,French
"MEAL Officer RCCE , Redevabilité & Protection",fr,French
Italy Campaign Manager,tl,Tagalog
Seksjonssjef,no,Norwegian
Senior Programme Funding Manager,de,German
Log/Admin Manager (M/F),da,Danish
HR&Talent Acquisition Manager,fr,French
Controller,it,Italian
Formatrice/Tore E Facilitatrice/Tore,ro,Romanian
Program Manager,id,Indonesian
Climate Finance Officer,ro,Romanian
Ppca Secretariat Coordinator,ro,Romanian
Project Administrator,lt,Lithuanian
Iter Postgraduate Opportunities - All Disciplines,it,Italian
Monitoring & Due Diligence Senior Coordinator,it,Italian
Sales Officer,fr,French
"Senior Executive, Executive Office",ro,Romanian
Fertilizer Procurement Associate,ro,Romanian
SRH Manager,tl,Tagalog
Digital Product Specialist,ro,Romanian
Assistant.E Archiviste (H/F),de,German
Assistant.E Controle De Gestion Siege (H/F),de,German
Global Program Owner,hr,Croatian
Rwanda Recrutement Stagiaire,id,Indonesian
Zambia People Lead,es,Spanish
